{
  "model_type": "voting_ensemble_lr_rf_gbm_svm",
  "feature_columns": [
    "prompt_complexity_score",
    "perplexity_score",
    "burstiness_index",
    "syntactic_variability",
    "semantic_coherence_score",
    "lexical_diversity_ratio",
    "readability_grade_level",
    "generation_confidence_score"
  ],
  "mean": [
    0.494844,
    54.349019999999996,
    0.511294,
    0.5032369999999999,
    0.492908,
    0.49323900000000004,
    10.561099999999998,
    0.499134
  ],
  "std": [
    0.27946740358045336,
    25.84982943153784,
    0.28512278331273355,
    0.2947339017334111,
    0.2915710265715714,
    0.2929002899947352,
    3.1741860043166974,
    0.29164893629842026
  ],
  "weights": [
    -0.02357587864446021,
    0.13000337584337357,
    0.05549646572896031,
    -0.020462700547022247,
    -0.03435354909154988,
    -0.011850988004853444,
    0.016882881122772322,
    0.06934414201826673
  ],
  "bias": -0.14928078893984145,
  "classes": [
    "Human",
    "AI"
  ],
  "cv_accuracy": 0.5,
  "cv_std": 0.0447213595499958,
  "note": "Dataset has near-zero feature signal (max r=0.064). Accuracy ceiling is ~54% with this data. For 85%+ accuracy, replace with real AI vs Human text corpus."
}